Name,Gender,Race,First Appeared,Sexuality,Confirmed LGBT,Morality,Race and Gender,Gender and Sexuality,Sexuality and Race,"Gender, Race, and Sexuality",Role
Amira Ahmed,Women,POC,2008,Straight,,Good,Women of Color,Straight Women,Straight POC,Straight Women of Color,Side Character
Ahmed,Men,POC,2008,Straight,,Evil,Men of Color,Straight Men,Straight POC,Straight Men of Color,Side Character
Ajak,Women,POC,2021,Straight,,Good,Women of Color,Straight Women,Straight POC,Straight Women of Color,Main Character
Algrim,Men,POC,2013,Straight,,Evil,Men of Color,Straight Men,Straight POC,Straight Men of Color,Main Character
Liz Allan,Women,POC,2017,Straight,,Good,Women of Color,Straight Women,Straight POC,Straight Women of Color,Main Character
Allen,Men,White,2008,Straight,,Good,White Men,Straight Men,Straight White People,Straight White Men,Side Character
Ammit,Women,POC,2022,Straight,,Evil,Women of Color,Straight Women,Straight POC,Straight Women of Color,Main Character
Ancient One,Women,White,2016,Straight,,Good,White Women,Straight Women,Straight White People,Straight White Women,Main Character
Arishem,Men,White,2021,Straight,,Evil,White Men,Straight Men,Straight White People,Straight White Men,Main Character
Axl,Men,POC,2022,Straight,,Good,Men of Color,Straight Men,Straight POC,Straight Men of Color,Main Character
Ayesha,Women,White,2017,Straight,,Neutral,White Women,Straight Women,Straight White People,Straight White Women,Main Character
Ayo,Women,POC,2016,Straight,,Good,Women of Color,Straight Women,Straight POC,Straight Women of Color,Main Character
Hunter B-15,Women,POC,2021,Straight,,Neutral,Women of Color,Straight Women,Straight POC,Straight Women of Color,Main Character
Nakia Bahadir,Women,POC,2022,Straight,,Good,Women of Color,Straight Women,Straight POC,Straight Women of Color,Main Character
Abu Bakaar,Men,POC,2008,Straight,,Evil,Men of Color,Straight Men,Straight POC,Straight Men of Color,Main Character
Bruce Banner,Men,White,2008,Straight,,Good,White Men,Straight Men,Straight White People,Straight White Men,Main Character
Bucky Barnes,Men,White,2011,Straight,,Neutral,White Men,Straight Men,Straight White People,Straight White Men,Main Character
Clint Barton,Men,White,2011,Straight,,Good,White Men,Straight Men,Straight White People,Straight White Men,Main Character
Laura Barton,Women,White,2015,Straight,,Good,White Women,Straight Women,Straight White People,Straight White Women,Main Character
Georges Batroc,Men,White,2014,Straight,,Evil,White Men,Straight Men,Straight White People,Straight White Men,Main Character
Quentin Beck,Men,White,2019,Straight,,Evil,White Men,Straight Men,Straight White People,Straight White Men,Main Character
Yelena Belova,Women,White,2021,Straight,,Neutral,White Women,Straight Women,Straight White People,Straight White Women,Main Character
Derek Bishop,Men,White,2021,Straight,,Good,White Men,Straight Men,Straight White People,Straight White Men,Main Character
Elenor Bishop,Women,White,2021,Straight,,Neutral,White Women,Straight Women,Straight White People,Straight White Women,Main Character
Kate Bishop,Women,White,2021,Straight,,Good,White Women,Straight Women,Straight White People,Straight White Women,Main Character
Emil Blonsky,Men,White,2008,Straight,,Evil,White Men,Straight Men,Straight White People,Straight White Men,Main Character
Elsa Bloodstone,Women,White,2022,Straight,,Good,White Women,Straight Women,Straight White People,Straight White Women,Main Character
Verussa Bloodstone,Women,White,2022,Straight,,Evil,White Women,Straight Women,Straight White People,Straight White Women,Main Character
Ralph Bohner,Men,White,2021,Straight,,Neutral,White Men,Straight Men,Straight White People,Straight White Men,Main Character
Blackagar Boltagon,Men,White,2017,Straight,,Good,White Men,Straight Men,Straight White People,Straight White Men,Main Character
Mallory Book,Women,POC,2022,Straight,,Good,Women of Color,Straight Women,Straight POC,Straight Women of Color,Main Character
Isaiah Bradley,Men,POC,2021,Straight,,Good,Men of Color,Straight Men,Straight POC,Straight Men of Color,Main Character
Betty Brant,Women,White,2017,Straight,,Good,White Women,Straight Women,Straight White People,Straight White Women,Main Character
Jackson Brice,Men,White,2017,Straight,,Evil,White Men,Straight Men,Straight White People,Straight White Men,Main Character
Eddie Brock,Men,White,2021,Straight,,Neutral,White Men,Straight Men,Straight White People,Straight White Men,Main Character
Sonny Burch,Men,White,2018,Straight,,Evil,White Men,Straight Men,Straight White People,Straight White Men,Main Character
Busard,Men,White,2010,Straight,,Good,White Men,Straight Men,Straight White People,Straight White Men,Side Character
Scott Campbell,Men,POC,2008,Straight,,Evil,Men of Color,Straight Men,Straight POC,Straight Men of Color,Side Character
Carina,Women,White,2013,Straight,,Neutral,White Women,Straight Women,Straight White People,Straight White Women,Main Character
Carlino,Women,White,2010,Straight,,Good,White Women,Straight Women,Straight White People,Straight White Women,Side Character
Bruno Carrelli,Men,White,2022,Straight,,Good,White Men,Straight Men,Straight White People,Straight White Men,Main Character
Mitchell Carson,Men,White,2015,Straight,,Evil,White Men,Straight Men,Straight White People,Straight White Men,Main Character
Peggy Carter,Women,White,2011,Straight,,Good,White Women,Straight Women,Straight White People,Straight White Women,Main Character
Sharon Carter,Women,White,2014,Straight,,Good,White Women,Straight Women,Straight White People,Straight White Women,Main Character
America Chavez,Women,POC,2022,Straight,,Good,Women of Color,Straight Women,Straight POC,Straight Women of Color,Main Character
Noel Chevalier,Men,White,2010,Straight,,Good,White Men,Straight Men,Straight White People,Straight White Men,Side Character
Chess Roberts,Women,POC,2010,Straight,,Good,Women of Color,Straight Women,Straight POC,Straight Women of Color,Side Character
Helen Cho,Women,POC,2015,Straight,,Good,Women of Color,Straight Women,Straight POC,Straight Women of Color,Main Character
Clea,Women,White,2022,Straight,,Good,White Women,Straight Women,Straight White People,Straight White Women,Main Character
P. Cleary,Men,POC,2021,Straight,,Neutral,Men of Color,Straight Men,Straight POC,Straight Men of Color,Main Character
Curt Connors,Men,White,2021,Straight,,Evil,White Men,Straight Men,Straight White People,Straight White Men,Main Character
Phil Coulson,Men,White,2008,Straight,,Good,White Men,Straight Men,Straight White People,Straight White Men,Main Character
Ronald Coultrap,Men,White,2008,Straight,,Good,White Men,Straight Men,Straight White People,Straight White Men,Side Character
Craig,Men,White,2008,Straight,,Good,White Men,Straight Men,Straight White People,Straight White Men,Side Character
Jim Cramer,Men,White,2008,Straight,,Good,White Men,Straight Men,Straight White People,Straight White Men,Side Character
Darren Cross,Men,White,2015,Straight,,Evil,White Men,Straight Men,Straight White People,Straight White Men,Main Character
Carol Danvers,Women,White,2019,Straight,,Good,White Women,Straight Women,Straight White People,Straight White Women,Main Character
Dave,Men,POC,2015,Straight,,Good,Men of Color,Straight Men,Straight POC,Straight Men of Color,Main Character
Aaron Davis,Men,POC,2017,Straight,,Neutral,Men of Color,Straight Men,Straight POC,Straight Men of Color,Main Character
Valentina Allegra de Fontaine,Women,White,2021,Straight,,Neutral,White Women,Straight Women,Straight White People,Straight White Women,Main Character
Death Dealer,Men,POC,2021,Straight,,Evil,Men of Color,Straight Men,Straight POC,Straight Men of Color,Main Character
Rhomann Dey,Men,White,2014,Straight,,Good,White Men,Straight Men,Straight White People,Straight White Men,Main Character
Max Dillon,Men,POC,2021,Straight,,Evil,Men of Color,Straight Men,Straight POC,Straight Men of Color,Main Character
Dormammu,Men,White,2016,Straight,,Evil,White Men,Straight Men,Straight White People,Straight White Men,Main Character
Drax,Men,POC,2014,Straight,,Good,Men of Color,Straight Men,Straight POC,Straight Men of Color,Main Character
Dreykov,Men,White,2021,Straight,,Evil,White Men,Straight Men,Straight White People,Straight White Men,Main Character
Antonia Dreykov,Women,White,2021,Straight,,Evil,White Women,Straight Women,Straight White People,Straight White Women,Main Character
Druig,Men,White,2021,Straight,,Good,White Men,Straight Men,Straight White People,Straight White Men,Main Character
Dum Dum Dugan,Men,White,2011,Straight,,Good,White Men,Straight Men,Straight White People,Straight White Men,Main Character
Jack Duquesne,Men,White,2021,Straight,,Good,White Men,Straight Men,Straight White People,Straight White Men,Main Character
Ego,Men,White,2017,Straight,,Evil,White Men,Straight Men,Straight White People,Straight White Men,Main Character
Eitri,Men,White,2018,Straight,,Good,White Men,Straight Men,Straight White People,Straight White Men,Main Character
Layla El-Faouly,Women,POC,2022,Straight,,Good,Women of Color,Straight Women,Straight POC,Straight Women of Color,Main Character
Matthew Ellis,Men,White,2013,Straight,,Good,White Men,Straight Men,Straight White People,Straight White Men,Main Character
Eros,Men,White,2021,Straight,,Good,White Men,Straight Men,Straight White People,Straight White Men,Main Character
Abraham Erskine,Men,White,2011,Straight,,Good,White Men,Straight Men,Straight White People,Straight White Men,Main Character
Christine Everhart,Women,White,2008,Straight,,Good,White Women,Straight Women,Straight White People,Straight White Women,Main Character
Fandral,Men,White,2011,Straight,,Good,White Men,Straight Men,Straight White People,Straight White Men,Main Character
Fandral,Men,White,2013,Straight,,Good,White Men,Straight Men,Straight White People,Straight White Men,Main Character
Wilson Fisk,Men,White,2014,Straight,,Evil,White Men,Straight Men,Straight White People,Straight White Men,Main Character
John Flynn,Men,White,2013,Straight,,Good,White Men,Straight Men,Straight White People,Straight White Men,Main Character
Bill Foster,Men,POC,2018,Straight,,Neutral,Men of Color,Straight Men,Straight POC,Straight Men of Color,Main Character
Jane Foster,Women,White,2011,Straight,,Good,White Women,Straight Women,Straight White People,Straight White Women,Main Character
Frigga,Women,White,2011,Straight,,Good,White Women,Straight Women,Straight White People,Straight White Women,Main Character
Nick Fury,Men,POC,2008,Straight,,Good,Men of Color,Straight Men,Straight POC,Straight Men of Color,Main Character
Mac Gargan,Men,POC,2017,Straight,,Evil,Men of Color,Straight Men,Straight POC,Straight Men of Color,Main Character
Gamora,Women,POC,2014,Straight,,Good,Women of Color,Straight Women,Straight POC,Straight Women of Color,Main Character
Gilgamesh,Men,POC,2021,Straight,,Good,Men of Color,Straight Men,Straight POC,Straight Men of Color,Main Character
Giorgio,Men,POC,2008,Straight,,Good,Men of Color,Straight Men,Straight POC,Straight Men of Color,Side Character
Corvus Glaive,Men,POC,2018,Straight,,Evil,Men of Color,Straight Men,Straight POC,Straight Men of Color,Main Character
Gorr the God Butcher,Men,White,2022,Straight,,Evil,White Men,Straight Men,Straight White People,Straight White Men,Main Character
Grandmaster,Men,White,2017,Straight,,Evil,White Men,Straight Men,Straight White People,Straight White Men,Main Character
Groot,Men,White,2014,Straight,,Good,White Men,Straight Men,Straight White People,Straight White Men,Main Character
Justin Hammer,Men,White,2010,Straight,,Evil,White Men,Straight Men,Straight White People,Straight White Men,Main Character
Maya Hansen,Women,White,2013,Straight,,Neutral,White Women,Straight Women,Straight White People,Straight White Women,Main Character
Agatha Harkness,Women,White,2021,Straight,,Evil,White Women,Straight Women,Straight White People,Straight White Women,Main Character
Roger Harrington,Men,White,2008,Straight,,Good,White Men,Straight Men,Straight White People,Straight White Men,Main Character
Arthur Harrow,Men,White,2022,Straight,,Evil,White Men,Straight Men,Straight White People,Straight White Men,Main Character
Tyler Hayward,Men,White,2021,Straight,,Evil,White Men,Straight Men,Straight White People,Straight White Men,Main Character
He Who Remains,Men,POC,2021,Straight,,Neutral,Men of Color,Straight Men,Straight POC,Straight Men of Color,Main Character
Heimdall,Men,POC,2011,Straight,,Good,Men of Color,Straight Men,Straight POC,Straight Men of Color,Main Character
Hela,Women,White,2017,Straight,,Evil,White Women,Straight Women,Straight White People,Straight White Women,Main Character
Hercules,Men,White,2022,Straight,,Evil,White Men,Straight Men,Straight White People,Straight White Men,Main Character
Maria Hill,Women,White,2012,Straight,,Good,White Women,Straight Women,Straight White People,Straight White Women,Main Character
Happy Hogan,Men,White,2008,Straight,,Good,White Men,Straight Men,Straight White People,Straight White Men,Main Character
Hogun,Men,POC,2011,Straight,,Good,Men of Color,Straight Men,Straight POC,Straight Men of Color,Main Character
Lemar Hoskins,Men,POC,2021,Straight,,Good,Men of Color,Straight Men,Straight POC,Straight Men of Color,Main Character
Howard the Duck,Men,White,2014,Straight,,Good,White Men,Straight Men,Straight White People,Straight White Men,Main Character
Ikaris,Men,White,2021,Straight,,Evil,White Men,Straight Men,Straight White People,Straight White Men,Main Character
J. Jonah Jameson,Men,White,2019,Straight,,Evil,White Men,Straight Men,Straight White People,Straight White Men,Main Character
Edwin Jarvis,Men,White,2014,Straight,,Good,White Men,Straight Men,Straight White People,Straight White Men,Main Character
J.A.R.V.I.S.,Men,White,2008,Straight,,Good,White Men,Straight Men,Straight White People,Straight White Men,Main Character
Jon Jon,Men,POC,2021,Straight,,Good,Men of Color,Straight Men,Straight POC,Straight Men of Color,Main Character
Michelle Jones-Watson,Women,POC,2017,Straight,,Good,Women of Color,Straight Women,Straight POC,Straight Women of Color,Main Character
Kaecilius,Men,White,2016,Straight,,Evil,White Men,Straight Men,Straight White People,Straight White Men,Main Character
Kamran,Men,POC,2022,Straight,,Neutral,Men of Color,Straight Men,Straight POC,Straight Men of Color,Main Character
Kareem,Men,POC,2022,Straight,,Good,Men of Color,Straight Men,Straight POC,Straight Men of Color,Main Character
Katy Chen,Women,POC,2021,Straight,,Good,Women of Color,Straight Women,Straight POC,Straight Women of Color,Main Character
Kazi Kazimierczak,Men,White,2021,Straight,,Evil,White Men,Straight Men,Straight White People,Straight White Men,Main Character
K.E.V.I.N,Men,White,2022,Straight,,Neutral,White Men,Straight Men,Straight White People,Straight White Men,Main Character
Harley Keener,Men,White,2013,Straight,,Good,White Men,Straight Men,Straight White People,Straight White Men,Main Character
Kamala Khan,Women,POC,2022,Straight,,Good,Women of Color,Straight Women,Straight POC,Straight Women of Color,Main Character
Khonshu,Men,POC,2022,Straight,,Good,Men of Color,Straight Men,Straight POC,Straight Men of Color,Main Character
Aldrich Killian,Men,White,2013,Straight,,Evil,White Men,Straight Men,Straight White People,Straight White Men,Main Character
Ghostface Killah,Men,POC,2008,Straight,,Good,Men of Color,Straight Men,Straight POC,Straight Men of Color,Side Character
Kingo,Men,POC,2021,Straight,,Good,Men of Color,Straight Men,Straight POC,Straight Men of Color,Main Character
Ulysses Klaue,Men,White,2015,Straight,,Evil,White Men,Straight Men,Straight White People,Straight White Men,Main Character
Cameron Klien,Men,White,2014,Straight,,Good,White Men,Straight Men,Straight White People,Straight White Men,Main Character
Korath,Men,POC,2014,Straight,,Evil,Men of Color,Straight Men,Straight POC,Straight Men of Color,Main Character
Korg,Men,POC,2017,LGBTQ+,2022,Good,Men of Color,LGBTQ+ Men,LGBTQ+ POC,LGBTQ+ Men,Main Character
Kro,Men,White,2021,Straight,,Evil,White Men,Straight Men,Straight White People,Straight White Men,Main Character
Heinz Kruger,Men,White,2011,Straight,,Evil,White Men,Straight Men,Straight White People,Straight White Men,Main Character
Kurt,Men,POC,2015,Straight,,Good,Men of Color,Straight Men,Straight POC,Straight Men of Color,Main Character
Cassie Long,Women,White,2015,Straight,,Good,White Women,Straight Women,Straight White People,Straight White Women,Main Character
Cassie Long,Women,White,2019,Straight,,Good,White Women,Straight Women,Straight White People,Straight White Women,Main Character
Scott Lang,Men,White,2015,Straight,,Good,White Men,Straight Men,Straight White People,Straight White Men,Main Character
Laufey,Men,White,2011,Straight,,Evil,White Men,Straight Men,Straight White People,Straight White Men,Main Character
Ned Leeds,Men,POC,2017,Straight,,Good,Men of Color,Straight Men,Straight POC,Straight Men of Color,Main Character
Darcy Lewis,Women,White,2011,Straight,,Good,White Women,Straight Women,Straight White People,Straight White Women,Main Character
Dr. List,Men,White,2014,Straight,,Evil,White Men,Straight Men,Straight White People,Straight White Men,Main Character
Maya Lopez,Women,POC,2021,Straight,,Evil,Women of Color,Straight Women,Straight POC,Straight Women of Color,Main Character
Loki,Men,White,2011,LGBTQ+,2021,Neutral,White Men,LGBTQ+ Men,LGBTQ+ White People,LGBTQ+ White Men,Main Character
Luis,Men,POC,2014,Straight,,Good,Men of Color,Straight Men,Straight POC,Straight Men of Color,Main Character
Mary MacPherran,Women,POC,2022,Straight,,Evil,Women of Color,Straight Women,Straight POC,Straight Women of Color,Main Character
Makkari,Women,POC,2021,Straight,,Good,Women of Color,Straight Women,Straight POC,Straight Women of Color,Main Character
Malekith,Men,White,2013,Straight,,Evil,White Men,Straight Men,Straight White People,Straight White Men,Main Character
Mantis,Women,POC,2014,Straight,,Good,Women of Color,Straight Women,Straight POC,Straight Women of Color,Main Character
Mar-Vell,Women,White,2019,Straight,,Good,White Women,Straight Women,Straight White People,Straight White Women,Main Character
Flint Marko,Men,White,2021,Straight,,Evil,White Men,Straight Men,Straight White People,Straight White Men,Main Character
Martinex,Men,White,2017,Straight,,Evil,White Men,Straight Men,Straight White People,Straight White Men,Main Character
Phineas Mason,Men,White,2017,Straight,,Evil,White Men,Straight Men,Straight White People,Straight White Men,Main Character
Rick Mason,Men,POC,2021,Straight,,Good,Men of Color,Straight Men,Straight POC,Straight Men of Color,Main Character
Ebony Maw,Men,White,2018,Straight,,Evil,White Men,Straight Men,Straight White People,Straight White Men,Main Character
Pietro Maximoff,Men,White,2014,Straight,,Good,White Men,Straight Men,Straight White People,Straight White Men,Main Character
Wanda Maximoff,Women,White,2014,Straight,,Neutral,White Women,Straight Women,Straight White People,Straight White Women,Main Character
Ralph Mays,Men,White,2008,Straight,,Good,White Men,Straight Men,Straight White People,Straight White Men,Side Character
M'Baku,Men,POC,2018,Straight,,Good,Men of Color,Straight Men,Straight POC,Straight Men of Color,Main Character
Proxima Midnight,Women,White,2018,Straight,,Evil,White Women,Straight Women,Straight White People,Straight White Women,Main Character
Miek,Men,White,2017,Straight,,Good,White Men,Straight Men,Straight White People,Straight White Men,Main Character
Mobius M. Mobius,Men,White,2021,Straight,,Good,White Men,Straight Men,Straight White People,Straight White Men,Main Character
Anton Mogat,Men,White,2022,Straight,,Evil,White Men,Straight Men,Straight White People,Straight White Men,Main Character
Karl Mordo,Men,POC,2016,Straight,,Good,Men of Color,Straight Men,Straight POC,Straight Men of Color,Main Character
Karli Morgenthau,Women,POC,2021,Straight,,Evil,Women of Color,Straight Women,Straight POC,Straight Women of Color,Main Character
Matt Murdock,Men,White,2015,Straight,,Good,White Men,Straight Men,Straight White People,Straight White Men,Main Character
Najma,Women,POC,2022,Straight,,Evil,Women of Color,Straight Women,Straight POC,Straight Women of Color,Main Character
Nakia Bahadir,Women,POC,2018,Straight,,Good,Women of Color,Straight Women,Straight POC,Straight Women of Color,Main Character
Nebula,Women,White,2014,Straight,,Good,White Women,Straight Women,Straight White People,Straight White Women,Main Character
Erik Killmonger Stevens,Men,POC,2018,Straight,,Evil,Men of Color,Straight Men,Straight POC,Straight Men of Color,Main Character
N'Jobu,Men,POC,2018,Straight,,Evil,Men of Color,Straight Men,Straight POC,Straight Men of Color,Main Character
Kraglin Obfonteri,Men,White,2014,Straight,,Neutral,White Men,Straight Men,Straight White People,Straight White Men,Main Character
Cull Obsidian,Men,White,2018,Straight,,Evil,White Men,Straight Men,Straight White People,Straight White Men,Main Character
Otto Octavius,Men,White,2021,Straight,,Evil,White Men,Straight Men,Straight White People,Straight White Men,Main Character
Odin,Men,White,2011,Straight,,Good,White Men,Straight Men,Straight White People,Straight White Men,Main Character
Okoye,Women,POC,2018,Straight,,Good,Women of Color,Straight Women,Straight POC,Straight Women of Color,Main Character
Aleta Ogord,Women,POC,2017,Straight,,Neutral,Women of Color,Straight Women,Straight POC,Straight Women of Color,Main Character
Stakar Ogord,Men,White,2017,Straight,,Neutral,White Men,Straight Men,Straight White People,Straight White Men,Main Character
Omar,Men,POC,2008,Straight,,Evil,Men of Color,Straight Men,Straight POC,Straight Men of Color,Side Character
Norman Osborn,Men,White,2021,Straight,,Evil,White Men,Straight Men,Straight White People,Straight White Men,Main Character
The Other,Men,White,2012,Straight,,Evil,White Men,Straight Men,Straight White People,Straight White Men,Main Character
David Owens,Men,White,2008,Straight,,Good,White Men,Straight Men,Straight White People,Straight White Men,Side Character
Christine Palmer,Women,White,2016,Straight,,Good,White Women,Straight Women,Straight White People,Straight White Women,Main Character
Jonathan Pangborn,Men,White,2016,Straight,,Neutral,White Men,Straight Men,Straight White People,Straight White Men,Main Character
May Parker,Women,White,2016,Straight,,Good,White Women,Straight Women,Straight White People,Straight White Women,Main Character
Peter Parker,Men,White,2016,Straight,,Good,White Men,Straight Men,Straight White People,Straight White Men,Main Character
Peter Parker (Amazing Spiderman),Men,White,2021,Straight,,Good,White Men,Straight Men,Straight White People,Straight White Men,Main Character
Peter Parker (Neighborhood Spiderman),Men,White,2021,Straight,,Good,White Men,Straight Men,Straight White People,Straight White Men,Main Character
Aunt May,Women,White,2016,Straight,,Good,White Women,Straight Women,Straight White People,Straight White Women,Main Character
Karun Patel,Men,POC,2021,Straight,,Good,Men of Color,Straight Men,Straight POC,Straight Men of Color,Main Character
Phastos,Men,POC,2021,LGBTQ+,2021,Good,Men of Color,LGBTQ+ Men,LGBTQ+ POC,LGBTQ+ Men,Main Character
Chester Phillips,Men,White,2011,Straight,,Good,White Men,Straight Men,Straight White People,Straight White Men,Main Character
Alexander Pierce,Men,White,2014,Straight,,Evil,White Men,Straight Men,Straight White People,Straight White Men,Main Character
Pip the Troll,Men,White,2021,Straight,,Good,White Men,Straight Men,Straight White People,Straight White Men,Main Character
Pepper Potts,Women,White,2008,Straight,,Good,White Women,Straight Women,Straight White People,Straight White Women,Main Character
Pratt,Men,White,2008,Straight,,Good,White Men,Straight Men,Straight White People,Straight White Men,Side Character
Augustus Pugliese,Men,POC,2022,Straight,,Good,Men of Color,Straight Men,Straight POC,Straight Men of Color,Main Character
Dr. Hank Pym,Men,White,2015,Straight,,Good,White Men,Straight Men,Straight White People,Straight White Men,Main Character
Meredith Quill,Women,White,2014,Straight,,Good,White Women,Straight Women,Straight White People,Straight White Women,Main Character
Peter Quill,Men,White,2014,Straight,,Good,White Men,Straight Men,Straight White People,Straight White Men,Main Character
Irani Rael,Women,White,2014,Straight,,Good,White Women,Straight Women,Straight White People,Straight White Women,Main Character
Maria Rambeau,Women,POC,2019,Straight,,Good,Women of Color,Straight Women,Straight POC,Straight Women of Color,Main Character
Monica Rambeau,Women,POC,2019,Straight,,Good,Women of Color,Straight Women,Straight POC,Straight Women of Color,Main Character
Ramirez,Women,POC,2008,Straight,,Good,Women of Color,Straight Women,Straight POC,Straight Women of Color,Side Character
Ramonda,Women,POC,2018,Straight,,Good,Women of Color,Straight Women,Straight POC,Straight Women of Color,Main Character
Nikki Ramos,Women,POC,2022,Straight,,Good,Women of Color,Straight Women,Straight POC,Straight Women of Color,Main Character
Razor Fist,Men,White,2021,Straight,,Neutral,White Men,Straight Men,Straight White People,Straight White Men,Main Character
Ravonna Renslayer,Women,POC,2021,Straight,,Neutral,Women of Color,Straight Women,Straight POC,Straight Women of Color,Main Character
James Rhodes,Men,POC,2008,Straight,,Good,Men of Color,Straight Men,Straight POC,Straight Men of Color,Main Character
Reed Richards,Men,White,2022,Straight,,Good,White Men,Straight Men,Straight White People,Straight White Men,Main Character
William Ginter Riva,Men,White,2008,Straight,,Evil,White Men,Straight Men,Straight White People,Straight White Men,Main Character
Rocket,Men,White,2014,Straight,,Good,White Men,Straight Men,Straight White People,Straight White Men,Main Character
Steve Rogers,Men,White,2011,Straight,,Good,White Men,Straight Men,Straight White People,Straight White Men,Main Character
Jack Rollins,Men,White,2014,Straight,,Evil,White Men,Straight Men,Straight White People,Straight White Men,Main Character
Natasha Romanoff,Women,White,2010,Straight,,Good,White Women,Straight Women,Straight White People,Straight White Women,Main Character
Ronan the Accuser,Men,White,2014,Straight,,Evil,White Men,Straight Men,Straight White People,Straight White Men,Main Character
Betty Ross,Women,White,2008,Straight,,Good,White Women,Straight Women,Straight White People,Straight White Women,Main Character
Everett K. Ross,Men,White,2016,Straight,,Good,White Men,Straight Men,Straight White People,Straight White Men,Main Character
Thaddeus Ross,Men,White,2008,Straight,,Evil,White Men,Straight Men,Straight White People,Straight White Men,Main Character
Brock Rumlow,Men,White,2014,Straight,,Evil,White Men,Straight Men,Straight White People,Straight White Men,Main Character
Jack Russell,Men,POC,2022,Straight,,Good,Men of Color,Straight Men,Straight POC,Straight Men of Color,Main Character
Johann Schmidt,Men,White,2011,Straight,,Evil,White Men,Straight Men,Straight White People,Straight White Men,Main Character
Johann Schmidt,Men,White,2019,Straight,,Evil,White Men,Straight Men,Straight White People,Straight White Men,Main Character
Herman Schultz,Men,POC,2017,Straight,,Evil,Men of Color,Straight Men,Straight POC,Straight Men of Color,Main Character
Erik Selvig,Men,White,2011,Straight,,Good,White Men,Straight Men,Straight White People,Straight White Men,Main Character
Sersi,Women,POC,2021,Straight,,Good,Women of Color,Straight Women,Straight POC,Straight Women of Color,Main Character
Shang-Chi,Men,POC,2021,Straight,,Good,Men of Color,Straight Men,Straight POC,Straight Men of Color,Main Character
Alexei Shostakov,Men,White,2021,Straight,,Neutral,White Men,Straight Men,Straight White People,Straight White Men,Main Character
Shuri,Women,POC,2018,Straight,,Good,Women of Color,Straight Women,Straight POC,Straight Women of Color,Main Character
Sif,Women,White,2011,Straight,,Good,White Women,Straight Women,Straight White People,Straight White Women,Main Character
Jasper Sitwell,Men,POC,2011,Straight,,Evil,Men of Color,Straight Men,Straight POC,Straight Men of Color,Main Character
Skurge,Men,White,2017,Straight,,Evil,White Men,Straight Men,Straight White People,Straight White Men,Main Character
Trevor Slattery,Men,POC,2013,Straight,,Evil,Men of Color,Straight Men,Straight POC,Straight Men of Color,Main Character
Soren,Women,White,2019,Straight,,Good,White Women,Straight Women,Straight White People,Straight White Women,Main Character
Marc Spector,Men,POC,2022,Straight,,Good,Men of Color,Straight Men,Straight POC,Straight Men of Color,Main Character
Sprite,Women,White,2021,Straight,,Good,White Women,Straight Women,Straight White People,Straight White Women,Main Character
Obadiah Stane,Men,White,2011,Straight,,Evil,White Men,Straight Men,Straight White People,Straight White Men,Main Character
Howard Stark,Men,White,2008,Straight,,Good,White Men,Straight Men,Straight White People,Straight White Men,Main Character
Howard Stark,Men,White,2019,Straight,,Good,White Men,Straight Men,Straight White People,Straight White Men,Main Character
Morgan Stark,Women,White,2019,Straight,,Good,White Women,Straight Women,Straight White People,Straight White Women,Main Character
Tony Stark,Men,White,2008,Straight,,Good,White Men,Straight Men,Straight White People,Straight White Men,Main Character
Ava Starr,Women,POC,2018,Straight,,Evil,Women of Color,Straight Women,Straight POC,Straight Women of Color,Main Character
Stern,Men,White,2010,Straight,,Evil,White Men,Straight Men,Straight White People,Straight White Men,Main Character
Samuel Sterns,Men,White,2008,Straight,,Good,White Men,Straight Men,Straight White People,Straight White Men,Main Character
Dr. Steven Strange,Men,White,2016,Straight,,Good,White Men,Straight Men,Straight White People,Straight White Men,Main Character
Wolfgang von Strucker,Men,White,2011,Straight,,Evil,White Men,Straight Men,Straight White People,Straight White Men,Main Character
Sullivian,Men,White,2008,Straight,,Good,White Men,Straight Men,Straight White People,Straight White Men,Side Character
Surtur,Men,POC,2017,Straight,,Evil,Men of Color,Straight Men,Straight POC,Straight Men of Color,Main Character
Surtur,Men,White,2017,Straight,,Evil,White Men,Straight Men,Straight White People,Straight White Men,Main Character
Sylvie,Women,White,2021,LGBTQ+,2021,Neutral,White Women,LGBTQ+ Women,LGBTQ+ White People,LGBTQ+ White Women,Main Character
Talos,Men,White,2019,Straight,,Good,White Men,Straight Men,Straight White People,Straight White Men,Main Character
Taserface,Men,White,2017,Straight,,Evil,White Men,Straight Men,Straight White People,Straight White Men,Main Character
Taweret,Women,POC,2022,Straight,,Good,Women of Color,Straight Women,Straight POC,Straight Women of Color,Main Character
T'Chaka,Men,POC,2016,Straight,,Good,Men of Color,Straight Men,Straight POC,Straight Men of Color,Main Character
"Ted ""Man-Thing""",Men,POC,2022,Straight,,Good,Men of Color,Straight Men,Straight POC,Straight Men of Color,Main Character
Thanos,Men,White,2012,Straight,,Evil,White Men,Straight Men,Straight White People,Straight White Men,Main Character
Thena,Women,White,2021,Straight,,Good,White Women,Straight Women,Straight White People,Straight White Women,Main Character
Flash Thompson,Men,POC,2017,Straight,,Good,Men of Color,Straight Men,Straight POC,Straight Men of Color,Main Character
Thor,Men,White,2008,Straight,,Good,White Men,Straight Men,Straight White People,Straight White Men,Main Character
"Taneleer Tivan ""Collector""",Men,White,2013,Straight,,Evil,White Men,Straight Men,Straight White People,Straight White Men,Main Character
Adrian Toomes,Men,White,2017,Straight,,Evil,White Men,Straight Men,Straight White People,Straight White Men,Main Character
Joaquin Torres,Men,POC,2021,Straight,,Good,Men of Color,Straight Men,Straight POC,Straight Men of Color,Main Character
Trixie,Women,White,2008,Straight,,Good,White Women,Straight Women,Straight White People,Straight White Women,Side Character
Yondu Udonta,Men,White,2014,Straight,,Neutral,White Men,Straight Men,Straight White People,Straight White Men,Main Character
Ultron,Men,White,2015,Straight,,Evil,White Men,Straight Men,Straight White People,Straight White Men,Main Character
Valkyrie,Women,POC,2017,LGBTQ+,2022,Good,Women of Color,LGBTQ+ Women,LGBTQ+ POC,LGBTQ+ Women of Color,Main Character
Hope van Dyne,Women,White,2015,Straight,,Good,White Women,Straight Women,Straight White People,Straight White Women,Main Character
Janet van Dyne,Women,White,2015,Straight,,Good,White Women,Straight Women,Straight White People,Straight White Women,Main Character
Anton Vanko,Men,White,2010,Straight,,Evil,White Men,Straight Men,Straight White People,Straight White Men,Main Character
Ivan Vanko,Men,White,2010,Straight,,Evil,White Men,Straight Men,Straight White People,Straight White Men,Main Character
Volstagg,Men,White,2008,Straight,,Good,White Men,Straight Men,Straight White People,Straight White Men,Main Character
Melina Vostokoff,Women,White,2021,Straight,,Neutral,White Women,Straight Women,Straight White People,Straight White Women,Main Character
Vision,Men,White,2015,Straight,,Good,White Men,Straight Men,Straight White People,Straight White Men,Main Character
John Walker,Men,White,2021,Straight,,Good,White Men,Straight Men,Straight White People,Straight White Men,Main Character
Jennifer Walters,Women,White,2022,Straight,,Good,White Women,Straight Women,Straight White People,Straight White Women,Main Character
Watcher,Men,POC,2021,Straight,,Good,Men of Color,Straight Men,Straight POC,Straight Men of Color,Main Character
Watcher Informant,Men,White,2008,Straight,,Good,White Men,Straight Men,Straight White People,Straight White Men,Side Character
Raza al-Wazar,Men,POC,2008,Straight,,Evil,Men of Color,Straight Men,Straight POC,Straight Men of Color,Main Character
Xu Wenwu,Men,POC,2021,Straight,,Evil,Men of Color,Straight Men,Straight POC,Straight Men of Color,Main Character
Nicodemus West,Men,White,2016,Straight,,Good,White Men,Straight Men,Straight White People,Straight White Men,Main Character
Dane Whitman,Men,White,2021,Straight,,Good,White Men,Straight Men,Straight White People,Straight White Men,Main Character
Sam Wilson,Men,POC,2014,Straight,,Good,Men of Color,Straight Men,Straight POC,Straight Men of Color,Main Character
Sarah Wilson,Women,POC,2021,Straight,,Good,Women of Color,Straight Women,Straight POC,Straight Women of Color,Main Character
W'Kabi,Men,POC,2018,Straight,,Good,Men of Color,Straight Men,Straight POC,Straight Men of Color,Main Character
Wong,Men,POC,2016,Straight,,Good,Men of Color,Straight Men,Straight POC,Straight Men of Color,Main Character
Jimmy Woo,Men,POC,2018,Straight,,Good,Men of Color,Straight Men,Straight POC,Straight Men of Color,Main Character
Jimmy,Men,White,2008,Straight,,Good,White Men,Straight Men,Straight White People,Straight White Men,Side Character
Charles Xavier,Men,White,2022,Straight,,Good,White Men,Straight Men,Straight White People,Straight White Men,Main Character
Xu Xialing,Women,POC,2021,Straight,,Good,Women of Color,Straight Women,Straight POC,Straight Women of Color,Main Character
Ying Li,Women,POC,2021,Straight,,Good,Women of Color,Straight Women,Straight POC,Straight Women of Color,Main Character
Ying Nan,Women,POC,2021,Straight,,Good,Women of Color,Straight Women,Straight POC,Straight Women of Color,Main Character
Ho Yinsen,Men,POC,2008,Straight,,Good,Men of Color,Straight Men,Straight POC,Straight Men of Color,Main Character
Yon-Rogg,Men,White,2019,Straight,,Evil,White Men,Straight Men,Straight White People,Straight White Men,Main Character
Helmut Zemo,Men,White,2016,Straight,,Evil,White Men,Straight Men,Straight White People,Straight White Men,Main Character
Zeus,Men,White,2022,Straight,,Evil,White Men,Straight Men,Straight White People,Straight White Men,Main Character
Arnim Zola,Men,White,2011,Straight,,Evil,White Men,Straight Men,Straight White People,Straight White Men,Main Character
Zuri,Men,POC,2018,Straight,,Good,Men of Color,Straight Men,Straight POC,Straight Men of Color,Main Character
William Gabriel,Men,White,2008,Straight,,Good,White Men,Straight Men,Straight White People,Straight White Men,Side Character
Lacy,Men,White,2008,Straight,,Good,White Men,Straight Men,Straight White People,Straight White Men,Side Character
Zorianna Kit,Women,White,2008,Straight,,Good,White Women,Straight Women,Straight White People,Straight White Women,Side Character
Martina,Women,POC,2008,Straight,,Good,Women of Color,Straight Women,Straight POC,Straight Women of Color,Side Character
Jack McGee,Men,White,2008,Straight,,Good,White Men,Straight Men,Straight White People,Straight White Men,Side Character
Joe Greller,Men,POC,2008,Straight,,Good,Men of Color,Straight Men,Straight POC,Straight Men of Color,Side Character
Elizabeth Ross,Women,White,2008,Straight,,Good,White Women,Straight Women,Straight White People,Straight White Women,Side Character
Richard Jones,Men,White,2008,Straight,,Good,White Men,Straight Men,Straight White People,Straight White Men,Side Character
Leonard Samson,Men,White,2008,Straight,,Good,White Men,Straight Men,Straight White People,Straight White Men,Side Character
Security Guard,Men,White,2008,Straight,,Good,White Men,Straight Men,Straight White People,Straight White Men,Side Character
Kathleen Sparr,Women,White,2008,Straight,,Good,White Women,Straight Women,Straight White People,Straight White Women,Side Character
Jee-Yun Lee,Women,POC,2008,Straight,,Good,Women of Color,Straight Women,Straight POC,Straight Women of Color,Side Character
Stanley Lieber,Men,White,2008,Straight,,Good,White Men,Straight Men,Straight White People,Straight White Men,Side Character
Jim Wilson,Men,POC,2008,Straight,,Good,Men of Color,Straight Men,Straight POC,Straight Men of Color,Side Character
Adam Goldstein,Men,White,2010,Straight,,Good,White Men,Straight Men,Straight White People,Straight White Men,Side Character
Jack,Men,White,2010,Straight,,Good,White Men,Straight Men,Straight White People,Straight White Men,Side Character
Johnny Libatique,Men,White,2010,Straight,,Good,White Men,Straight Men,Straight White People,Straight White Men,Side Character
Bambi Arbogast,Women,White,2010,Straight,,Good,White Women,Straight Women,Straight White People,Straight White Women,Side Character
Beckman,Men,White,2010,Straight,,Good,White Men,Straight Men,Straight White People,Straight White Men,Side Character
Bill O'Reilly,Men,White,2010,Straight,,Good,White Men,Straight Men,Straight White People,Straight White Men,Side Character
Larry Ellison,Men,White,2010,Straight,,Good,White Men,Straight Men,Straight White People,Straight White Men,Side Character
Larson,Men,White,2010,Straight,,Good,White Men,Straight Men,Straight White People,Straight White Men,Side Character
Lemieux,Men,White,2010,Straight,,Good,White Men,Straight Men,Straight White People,Straight White Men,Side Character
Meade,Men,White,2010,Straight,,Good,White Men,Straight Men,Straight White People,Straight White Men,Side Character
Christiane Amanpour,Women,POC,2010,Straight,,Good,Women of Color,Straight Women,Straight POC,Straight Women of Color,Side Character
Clements,Men,White,2010,Straight,,Good,White Men,Straight Men,Straight White People,Straight White Men,Side Character
Elkin,Men,White,2010,Straight,,Good,White Men,Straight Men,Straight White People,Straight White Men,Side Character
Elon Musk,Men,White,2010,Straight,,Good,White Men,Straight Men,Straight White People,Straight White Men,Side Character
Rebeca,Women,White,2010,Straight,,Good,White Women,Straight Women,Straight White People,Straight White Women,Side Character
Rebecca,Women,White,2010,Straight,,Good,White Women,Straight Women,Straight White People,Straight White Women,Side Character
Gibson,Men,POC,2010,Straight,,Good,Men of Color,Straight Men,Straight POC,Straight Men of Color,Side Character
Goodwin,Men,POC,2010,Straight,,Good,Men of Color,Straight Men,Straight POC,Straight Men of Color,Side Character
Harper,Men,POC,2010,Straight,,Good,Men of Color,Straight Men,Straight POC,Straight Men of Color,Side Character
Troy McGatlin,Men,White,2010,Straight,,Neutral,White Men,Straight Men,Straight White People,Straight White Men,Side Character
U.S. Marshal,Women,White,2010,Straight,,Good,White Women,Straight Women,Straight White People,Straight White Women,Side Character
Einherjar Guard,Men,POC,2011,Straight,,Good,Men of Color,Straight Men,Straight POC,Straight Men of Color,Side Character
Bor Burison,Men,White,2011,Straight,,Good,White Men,Straight Men,Straight White People,Straight White Men,Side Character
Velt,Men,White,2011,Straight,,Evil,White Men,Straight Men,Straight White People,Straight White Men,Side Character
HYDRA Lieutenant,Men,White,2011,Straight,,Evil,White Men,Straight Men,Straight White People,Straight White Men,Side Character
Hutter,Men,White,2011,Straight,,Evil,White Men,Straight Men,Straight White People,Straight White Men,Side Character
Schneider,Men,White,2011,Straight,,Evil,White Men,Straight Men,Straight White People,Straight White Men,Side Character
Gilmore Hodge,Men,White,2011,Straight,,Good,White Men,Straight Men,Straight White People,Straight White Men,Side Character
Gabe Jones,Men,POC,2011,Straight,,Good,Men of Color,Straight Men,Straight POC,Straight Men of Color,Side Character
Roeder,Men,White,2011,Straight,,Evil,White Men,Straight Men,Straight White People,Straight White Men,Side Character
Michael Duffy,Men,White,2011,Straight,,Good,White Men,Straight Men,Straight White People,Straight White Men,Side Character
Connie,Women,White,2011,Straight,,Good,White Women,Straight Women,Straight White People,Straight White Women,Side Character
Lorraine,Women,White,2011,Straight,,Good,White Women,Straight Women,Straight White People,Straight White Women,Side Character
Brandt,Men,White,2011,Straight,,Good,White Men,Straight Men,Straight White People,Straight White Men,Side Character
Bonnie,Women,White,2011,Straight,,Good,White Women,Straight Women,Straight White People,Straight White Women,Side Character
Adolf Hitler,Men,White,2011,Straight,,Evil,White Men,Straight Men,Straight White People,Straight White Men,Side Character
James Falsworth,Men,White,2011,Straight,,Good,White Men,Straight Men,Straight White People,Straight White Men,Side Character
Jacques Dernier,Men,White,2011,Straight,,Good,White Men,Straight Men,Straight White People,Straight White Men,Side Character
Jan,Men,White,2011,Straight,,Good,White Men,Straight Men,Straight White People,Straight White Men,Side Character
Jim Morita,Men,POC,2011,Straight,,Good,Men of Color,Straight Men,Straight POC,Straight Men of Color,Side Character
NASA Scientist,Women,White,2012,Straight,,Good,White Women,Straight Women,Straight White People,Straight White Women,Side Character
Georgi Luchkov,Men,White,2012,Straight,,Evil,White Men,Straight Men,Straight White People,Straight White Men,Side Character
Weaselly Thug,Men,White,2012,Straight,,Evil,White Men,Straight Men,Straight White People,Straight White Men,Side Character
Tall Thug,Men,White,2012,Straight,,Evil,White Men,Straight Men,Straight White People,Straight White Men,Side Character
Jack Taggart,Men,White,2013,Straight,,Evil,White Men,Straight Men,Straight White People,Straight White Men,Side Character
Joan Rivers,Women,White,2013,Straight,,Good,White Women,Straight Women,Straight White People,Straight White Women,Side Character
Josh Elliott,Men,White,2013,Straight,,Good,White Men,Straight Men,Straight White People,Straight White Men,Side Character
Wu,Men,POC,2013,Straight,,Good,Men of Color,Straight Men,Straight POC,Straight Men of Color,Side Character
Wu Jiaqi,Women,POC,2013,Straight,,Good,Women of Color,Straight Women,Straight POC,Straight Women of Color,Side Character
Heather,Women,White,2013,Straight,,Good,White Women,Straight Women,Straight White People,Straight White Women,Side Character
Thomas Roberts,Men,White,2013,Straight,,Good,White Men,Straight Men,Straight White People,Straight White Men,Side Character
Thomas Richards,Men,White,2013,Straight,,Evil,White Men,Straight Men,Straight White People,Straight White Men,Side Character
Gary,Men,White,2013,Straight,,Good,White Men,Straight Men,Straight White People,Straight White Men,Side Character
George Kotsiopoulos,Men,White,2013,Straight,,Good,White Men,Straight Men,Straight White People,Straight White Men,Side Character
Giuliana Rancic,Women,White,2013,Straight,,Good,White Women,Straight Women,Straight White People,Straight White Women,Side Character
Sweat Shop Agent,Women,White,2013,Straight,,Evil,White Women,Straight Women,Straight White People,Straight White Women,Side Character
Rose Hill Sheriff,Men,White,2013,Straight,,Good,White Men,Straight Men,Straight White People,Straight White Men,Side Character
Rodriguez,Men,POC,2013,Straight,,Evil,Men of Color,Straight Men,Straight POC,Straight Men of Color,Side Character
Erin,Women,White,2013,Straight,,Good,White Women,Straight Women,Straight White People,Straight White Women,Side Character
Erin's Brother,Men,White,2013,Straight,,Good,White Men,Straight Men,Straight White People,Straight White Men,Side Character
Eric Savin,Men,White,2013,Straight,,Evil,White Men,Straight Men,Straight White People,Straight White Men,Side Character
Ellen Brandt,Women,POC,2013,Straight,,Evil,Women of Color,Straight Women,Straight POC,Straight Women of Color,Side Character
E.J.,Men,White,2013,Straight,,Good,White Men,Straight Men,Straight White People,Straight White Men,Side Character
Pritchet,Men,White,2013,Straight,,Good,White Men,Straight Men,Straight White People,Straight White Men,Side Character
Ponytail Express,Men,White,2013,Straight,,Evil,White Men,Straight Men,Straight White People,Straight White Men,Side Character
Pat Kiernan,Men,White,2013,Straight,,Good,White Men,Straight Men,Straight White People,Straight White Men,Side Character
Drew Grey,Men,White,2013,Straight,,Evil,White Men,Straight Men,Straight White People,Straight White Men,Side Character
David,Men,White,2013,Straight,,Good,White Men,Straight Men,Straight White People,Straight White Men,Side Character
Mrs. Davis,Women,White,2013,Straight,,Good,White Women,Straight Women,Straight White People,Straight White Women,Side Character
Chad Davis,Men,White,2013,Straight,,Evil,White Men,Straight Men,Straight White People,Straight White Men,Side Character
Megan Henderson,Women,POC,2013,Straight,,Good,Women of Color,Straight Women,Straight POC,Straight Women of Color,Side Character
Bill Maher,Men,White,2013,Straight,,Good,White Men,Straight Men,Straight White People,Straight White Men,Side Character
Kelly Osbourne,Women,White,2013,Straight,,Good,White Women,Straight Women,Straight White People,Straight White Women,Side Character
John,Men,POC,2013,Straight,,Good,Men of Color,Straight Men,Straight POC,Straight Men of Color,Side Character
Ian Boothby,Men,White,2013,Straight,,Good,White Men,Straight Men,Straight White People,Straight White Men,Side Character
Tyr,Men,White,2013,Straight,,Good,White Men,Straight Men,Straight White People,Straight White Men,Side Character
Horned Marauder,Men,White,2013,Straight,,Evil,White Men,Straight Men,Straight White People,Straight White Men,Side Character
Hildegund,Women,White,2013,Straight,,Good,White Women,Straight Women,Straight White People,Straight White Women,Side Character
Navid,Men,POC,2013,Straight,,Good,Men of Color,Straight Men,Straight POC,Straight Men of Color,Side Character
Eir,Women,White,2013,Straight,,Good,White Women,Straight Women,Straight White People,Straight White Women,Side Character
Kronan Marauder,Men,White,2013,Straight,,Evil,White Men,Straight Men,Straight White People,Straight White Men,Side Character
Maddie,Women,White,2013,Straight,,Good,White Women,Straight Women,Straight White People,Straight White Women,Side Character
Wonsik,Men,White,2014,Straight,,Evil,White Men,Straight Men,Straight White People,Straight White Men,Side Character
Jakuna Singh,Men,POC,2014,Straight,,Good,Men of Color,Straight Men,Straight POC,Straight Men of Color,Side Character
J. Sandell,Men,POC,2014,Straight,,Good,Men of Color,Straight Men,Straight POC,Straight Men of Color,Side Character
S. Scudder,Men,White,2014,Straight,,Good,White Men,Straight Men,Straight White People,Straight White Men,Side Character
Fine,Men,White,2014,Straight,,Good,White Men,Straight Men,Straight White People,Straight White Men,Side Character
Ferdinand Lopez,Men,POC,2014,Straight,,Evil,Men of Color,Straight Men,Straight POC,Straight Men of Color,Side Character
Russo,Men,White,2014,Straight,,Evil,White Men,Straight Men,Straight White People,Straight White Men,Side Character
Riley,Men,White,2014,Straight,,Good,White Men,Straight Men,Straight White People,Straight White Men,Side Character
Douglas Rockwell,Men,White,2014,Straight,,Good,White Men,Straight Men,Straight White People,Straight White Men,Side Character
Pamela Hawley,Women,White,2014,Straight,,Good,White Women,Straight Women,Straight White People,Straight White Women,Side Character
P. Wenham,Men,White,2014,Straight,,Good,White Men,Straight Men,Straight White People,Straight White Men,Side Character
Chao Yen,Men,POC,2014,Straight,,Good,Men of Color,Straight Men,Straight POC,Straight Men of Color,Side Character
Cameron Klein,Men,White,2014,Straight,,Good,White Men,Straight Men,Straight White People,Straight White Men,Side Character
C. Bryant,Men,White,2014,Straight,,Good,White Men,Straight Men,Straight White People,Straight White Men,Side Character
Bobbitt,Men,White,2014,Straight,,Evil,White Men,Straight Men,Straight White People,Straight White Men,Side Character
Moore,Men,POC,2014,Straight,,Good,Men of Color,Straight Men,Straight POC,Straight Men of Color,Side Character
Aaron,Men,White,2014,Straight,,Good,White Men,Straight Men,Straight White People,Straight White Men,Side Character
Anderson,Men,White,2014,Straight,,Good,White Men,Straight Men,Straight White People,Straight White Men,Side Character
Karman-Kan,Women,White,2014,Straight,,Good,White Women,Straight Women,Straight White People,Straight White Women,Side Character
Vorker,Men,White,2014,Straight,,Evil,White Men,Straight Men,Straight White People,Straight White Men,Side Character
Ti Asha,Women,POC,2014,Straight,,Good,Women of Color,Straight Women,Straight POC,Straight Women of Color,Side Character
Horuz,Men,White,2014,Straight,,Neutral,White Men,Straight Men,Straight White People,Straight White Men,Side Character
Garthan Saal,Men,White,2014,Straight,,Good,White Men,Straight Men,Straight White People,Straight White Men,Side Character
Fitzgibbon,Men,White,2014,Straight,,Good,White Men,Straight Men,Straight White People,Straight White Men,Side Character
Duranna,Women,White,2014,Straight,,Good,White Women,Straight Women,Straight White People,Straight White Women,Side Character
Moloka Dar,Men,POC,2014,Straight,,Evil,Men of Color,Straight Men,Straight POC,Straight Men of Color,Side Character
Broker,Men,White,2014,Straight,,Good,White Men,Straight Men,Straight White People,Straight White Men,Side Character
Bereet,Women,POC,2014,Straight,,Good,Women of Color,Straight Women,Straight POC,Straight Women of Color,Side Character
Zrinka,Women,White,2015,Straight,,Good,White Women,Straight Women,Straight White People,Straight White Women,Side Character
Lila Barton,Women,White,2015,Straight,,Good,White Women,Straight Women,Straight White People,Straight White Women,Side Character
Cooper Barton,Men,White,2015,Straight,,Good,White Men,Straight Men,Straight White People,Straight White Men,Side Character
Nathaniel Barton,Men,White,2015,Straight,,Good,White Men,Straight Men,Straight White People,Straight White Men,Side Character
Costel,Men,White,2015,Straight,,Good,White Men,Straight Men,Straight White People,Straight White Men,Side Character
Jim Paxton,Men,White,2015,Straight,,Good,White Men,Straight Men,Straight White People,Straight White Men,Side Character
Gale,Men,POC,2015,Straight,,Good,Men of Color,Straight Men,Straight POC,Straight Men of Color,Side Character
Maggie Lang,Women,White,2015,Straight,,Good,White Women,Straight Women,Straight White People,Straight White Women,Side Character
Dale,Men,White,2015,Straight,,Good,White Men,Straight Men,Straight White People,Straight White Men,Side Character
Frank,Men,White,2015,Straight,,Good,White Men,Straight Men,Straight White People,Straight White Men,Side Character
Ernesto,Men,POC,2015,Straight,,Good,Men of Color,Straight Men,Straight POC,Straight Men of Color,Side Character
Carlos,Men,POC,2015,Straight,,Neutral,Men of Color,Straight Men,Straight POC,Straight Men of Color,Side Character
Emily,Women,White,2015,Straight,,Neutral,White Women,Straight Women,Straight White People,Straight White Women,Side Character
Peachy,Men,POC,2015,Straight,,Evil,Men of Color,Straight Men,Straight POC,Straight Men of Color,Side Character
Ignacio,Men,POC,2015,Straight,,Good,Men of Color,Straight Men,Straight POC,Straight Men of Color,Side Character
Josef,Men,White,2016,Straight,,Evil,White Men,Straight Men,Straight White People,Straight White Men,Side Character
Vasily Karpov,Men,White,2016,Straight,,Evil,White Men,Straight Men,Straight White People,Straight White Men,Side Character
Theo Broussard,Men,White,2016,Straight,,Good,White Men,Straight Men,Straight White People,Straight White Men,Side Character
Heike Zemo,Women,White,2016,Straight,,Good,White Women,Straight Women,Straight White People,Straight White Women,Side Character
Charlie Spencer,Men,POC,2016,Straight,,Good,Men of Color,Straight Men,Straight POC,Straight Men of Color,Side Character
Miriam Sharpe,Women,POC,2016,Straight,,Good,Women of Color,Straight Women,Straight POC,Straight Women of Color,Side Character
Maria Stark,Women,White,2016,Straight,,Good,White Women,Straight Women,Straight White People,Straight White Women,Side Character
Attache,Men,POC,2016,Straight,,Good,Men of Color,Straight Men,Straight POC,Straight Men of Color,Side Character
Lucian,Men,White,2016,Straight,,Evil,White Men,Straight Men,Straight White People,Straight White Men,Side Character
Hamir,Men,POC,2016,Straight,,Good,Men of Color,Straight Men,Straight POC,Straight Men of Color,Side Character
Sol Rama,Men,POC,2016,Straight,,Good,Men of Color,Straight Men,Straight POC,Straight Men of Color,Side Character
Daniel Drumm,Men,POC,2016,Straight,,Good,Men of Color,Straight Men,Straight POC,Straight Men of Color,Side Character
Zylak,Men,White,2017,Straight,,Good,White Men,Straight Men,Straight White People,Straight White Men,Side Character
Huhtar,Men,POC,2017,Straight,,Evil,Men of Color,Straight Men,Straight POC,Straight Men of Color,Side Character
Halfnut,Men,White,2017,Straight,,Evil,White Men,Straight Men,Straight White People,Straight White Men,Side Character
Gef,Men,White,2017,Straight,,Evil,White Men,Straight Men,Straight White People,Straight White Men,Side Character
Shran,Men,White,2017,Straight,,Evil,White Men,Straight Men,Straight White People,Straight White Men,Side Character
Scrote,Men,White,2017,Straight,,Evil,White Men,Straight Men,Straight White People,Straight White Men,Side Character
Oblo,Men,White,2017,Straight,,Evil,White Men,Straight Men,Straight White People,Straight White Men,Side Character
Brahl,Men,White,2017,Straight,,Evil,White Men,Straight Men,Straight White People,Straight White Men,Side Character
Narblik,Men,POC,2017,Straight,,Evil,Men of Color,Straight Men,Straight POC,Straight Men of Color,Side Character
Arkon,Men,White,2017,Straight,,Evil,White Men,Straight Men,Straight White People,Straight White Men,Side Character
Adam Warlock,Men,White,2017,Straight,,Good,White Men,Straight Men,Straight White People,Straight White Men,Side Character
Jason Ionello,Men,POC,2017,Straight,,Good,Men of Color,Straight Men,Straight POC,Straight Men of Color,Side Character
Karen,Women,White,2017,Straight,,Good,White Women,Straight Women,Straight White People,Straight White Women,Side Character
Klev,Men,White,2017,Straight,,Good,White Men,Straight Men,Straight White People,Straight White Men,Side Character
Tiny McKeever,Men,POC,2017,Straight,,Good,Men of Color,Straight Men,Straight POC,Straight Men of Color,Side Character
Seymour O'Reilly,Men,POC,2017,Straight,,Good,Men of Color,Straight Men,Straight POC,Straight Men of Color,Side Character
Sally Avril,Women,White,2017,Straight,,Good,White Women,Straight Women,Straight White People,Straight White Women,Side Character
Ronda Kramer,Women,White,2017,Straight,,Good,White Women,Straight Women,Straight White People,Straight White Women,Side Character
Randy Vale,Men,White,2017,Straight,,Evil,White Men,Straight Men,Straight White People,Straight White Men,Side Character
Foster,Men,White,2017,Straight,,Good,White Men,Straight Men,Straight White People,Straight White Men,Side Character
Douglas,Men,White,2017,Straight,,Good,White Men,Straight Men,Straight White People,Straight White Men,Side Character
Doris Toomes,Women,POC,2017,Straight,,Good,Women of Color,Straight Women,Straight POC,Straight Women of Color,Side Character
Delmar,Men,POC,2017,Straight,,Good,Men of Color,Straight Men,Straight POC,Straight Men of Color,Side Character
Crimson,Men,POC,2017,Straight,,Good,Men of Color,Straight Men,Straight POC,Straight Men of Color,Side Character
Cobbwell,Men,POC,2017,Straight,,Good,Men of Color,Straight Men,Straight POC,Straight Men of Color,Side Character
Cindy Moon,Women,POC,2017,Straight,,Good,Women of Color,Straight Women,Straight POC,Straight Women of Color,Side Character
Charles Murphy,Men,White,2017,Straight,,Good,White Men,Straight Men,Straight White People,Straight White Men,Side Character
Morita,Men,POC,2017,Straight,,Good,Men of Color,Straight Men,Straight POC,Straight Men of Color,Side Character
Monica Warren,Women,POC,2017,Straight,,Good,Women of Color,Straight Women,Straight POC,Straight Women of Color,Side Character
Marjorie,Women,White,2017,Straight,,Neutral,White Women,Straight Women,Straight White People,Straight White Women,Side Character
Barry Hapgood,Men,White,2017,Straight,,Good,White Men,Straight Men,Straight White People,Straight White Men,Side Character
Anne Hoag,Women,White,2017,Straight,,Good,White Women,Straight Women,Straight White People,Straight White Women,Side Character
Andre Wilson,Men,POC,2017,Straight,,Good,Men of Color,Straight Men,Straight POC,Straight Men of Color,Side Character
Abe Brown,Men,POC,2017,Straight,,Good,Men of Color,Straight Men,Straight POC,Straight Men of Color,Side Character
Hajo,Men,White,2017,Straight,,Good,White Men,Straight Men,Straight White People,Straight White Men,Side Character
Topaz,Women,POC,2017,Straight,,Evil,Women of Color,Straight Women,Straight POC,Straight Women of Color,Side Character
Roscoe,Men,White,2017,Straight,,Good,White Men,Straight Men,Straight White People,Straight White Men,Side Character
Carlo,Men,POC,2017,Straight,,Good,Men of Color,Straight Men,Straight POC,Straight Men of Color,Side Character
Nomble,Women,POC,2018,Straight,,Good,Women of Color,Straight Women,Straight POC,Straight Women of Color,Side Character
Zawavari,Women,POC,2018,Straight,,Good,Women of Color,Straight Women,Straight POC,Straight Women of Color,Side Character
Yama,Women,POC,2018,Straight,,Good,Women of Color,Straight Women,Straight POC,Straight Women of Color,Side Character
Xoliswa,Women,POC,2018,Straight,,Good,Women of Color,Straight Women,Straight POC,Straight Women of Color,Side Character
Merchant Tribe Elder,Women,POC,2018,Straight,,Good,Women of Color,Straight Women,Straight POC,Straight Women of Color,Side Character
M'Kathu,Men,POC,2018,Straight,,Good,Men of Color,Straight Men,Straight POC,Straight Men of Color,Side Character
M'Bele,Men,POC,2018,Straight,,Good,Men of Color,Straight Men,Straight POC,Straight Men of Color,Side Character
W'Kabi,Men,POC,2018,Straight,,Evil,Men of Color,Straight Men,Straight POC,Straight Men of Color,Side Character
Linda,Women,POC,2018,Straight,,Evil,Women of Color,Straight Women,Straight POC,Straight Women of Color,Side Character
Limbani,Men,White,2018,Straight,,Evil,White Men,Straight Men,Straight White People,Straight White Men,Side Character
Griot,Men,POC,2018,Straight,,Good,Men of Color,Straight Men,Straight POC,Straight Men of Color,Side Character
Fiona Thomas,Women,White,2018,Straight,,Good,White Women,Straight Women,Straight White People,Straight White Women,Side Character
Sophia,Women,POC,2018,Straight,,Good,Women of Color,Straight Women,Straight POC,Straight Women of Color,Side Character
Sope,Women,POC,2018,Straight,,Good,Women of Color,Straight Women,Straight POC,Straight Women of Color,Side Character
River Triber Elder,Men,POC,2018,Straight,,Good,Men of Color,Straight Men,Straight POC,Straight Men of Color,Side Character
Dave (Henchman),Men,White,2018,Straight,,Evil,White Men,Straight Men,Straight White People,Straight White Men,Side Character
Bert,Men,White,2018,Straight,,Good,White Men,Straight Men,Straight White People,Straight White Men,Side Character
Uzman,Men,POC,2018,Straight,,Evil,Men of Color,Straight Men,Straight POC,Straight Men of Color,Side Character
Stoltz,Men,White,2018,Straight,,Good,White Men,Straight Men,Straight White People,Straight White Men,Side Character
Scott,Men,White,2018,Straight,,Good,White Men,Straight Men,Straight White People,Straight White Men,Side Character
Elihas Starr,Men,White,2018,Straight,,Evil,White Men,Straight Men,Straight White People,Straight White Men,Side Character
Rose,Women,White,2018,Straight,,Good,White Women,Straight Women,Straight White People,Straight White Women,Side Character
Derek,Men,White,2018,Straight,,Evil,White Men,Straight Men,Straight White People,Straight White Men,Side Character
Daniel Gooobler,Men,White,2018,Straight,,Good,White Men,Straight Men,Straight White People,Straight White Men,Side Character
Cathrine Starr,Women,POC,2018,Straight,,Evil,Women of Color,Straight Women,Straight POC,Straight Women of Color,Side Character
Burleigh,Men,White,2018,Straight,,Good,White Men,Straight Men,Straight White People,Straight White Men,Side Character
Kurt Goreshter,Men,White,2018,Straight,,Neutral,White Men,Straight Men,Straight White People,Straight White Men,Side Character
Knox,Men,White,2018,Straight,,Evil,White Men,Straight Men,Straight White People,Straight White Men,Side Character
Anitolov,Men,White,2018,Straight,,Evil,White Men,Straight Men,Straight White People,Straight White Men,Side Character
Ana Maria,Women,White,2018,Straight,,Good,White Women,Straight Women,Straight White People,Straight White Women,Side Character
Livanson,Men,White,2019,Straight,,Good,White Men,Straight Men,Straight White People,Straight White Men,Side Character
Whitcher,Women,White,2019,Straight,,Good,White Women,Straight Women,Straight White People,Straight White Women,Side Character
Joseph Danvers,Men,White,2019,Straight,,Good,White Men,Straight Men,Straight White People,Straight White Men,Side Character
Supreme Intelligence,Women,White,2019,Straight,,Evil,White Women,Straight Women,Straight White People,Straight White Women,Side Character
Steve Danvers,Men,White,2019,Straight,,Evil,White Men,Straight Men,Straight White People,Straight White Men,Side Character
Good,Men,White,2019,Straight,,Good,White Men,Straight Men,Straight White People,Straight White Men,Side Character
Soh Larr,Men,POC,2019,Straight,,Evil,Men of Color,Straight Men,Straight POC,Straight Men of Color,Side Character
Don,Men,White,2019,Straight,,Neutral,White Men,Straight Men,Straight White People,Straight White Men,Side Character
R. Keller,Men,White,2019,Straight,,Good,White Men,Straight Men,Straight White People,Straight White Men,Side Character
Cook,Men,White,2019,Straight,,Good,White Men,Straight Men,Straight White People,Straight White Men,Side Character
Cajun,Men,White,2019,Straight,,Good,White Men,Straight Men,Straight White People,Straight White Men,Side Character
Norex,Men,White,2019,Straight,,Good,White Men,Straight Men,Straight White People,Straight White Men,Side Character
Bron Char,Men,White,2019,Straight,,Evil,White Men,Straight Men,Straight White People,Straight White Men,Side Character
Bret Johnson,Men,White,2019,Straight,,Good,White Men,Straight Men,Straight White People,Straight White Men,Side Character
Minn Erva,Women,POC,2019,Straight,,Evil,Women of Color,Straight Women,Straight POC,Straight Women of Color,Side Character
Att Lass,Men,POC,2019,Straight,,Evil,Men of Color,Straight Men,Straight POC,Straight Men of Color,Side Character
Accuser,Men,White,2019,Straight,,Evil,White Men,Straight Men,Straight White People,Straight White Men,Side Character
Phyllis Jenkins,Women,POC,2019,Straight,,Good,Women of Color,Straight Women,Straight POC,Straight Women of Color,Side Character
Chesler,Men,White,2019,Straight,,Good,White Men,Straight Men,Straight White People,Straight White Men,Side Character
Lia,Women,White,2019,Straight,,Good,White Women,Straight Women,Straight White People,Straight White Women,Side Character
Augie,Men,White,2019,Straight,,Good,White Men,Straight Men,Straight White People,Straight White Men,Side Character
Akihiko,Men,POC,2019,Straight,,Evil,Men of Color,Straight Men,Straight POC,Straight Men of Color,Side Character
Janice Lincoln,Women,White,2019,Straight,,Evil,White Women,Straight Women,Straight White People,Straight White Women,Side Character
Josh Scarino,Men,POC,2019,Straight,,Good,Men of Color,Straight Men,Straight POC,Straight Men of Color,Side Character
Julius Dell,Men,POC,2019,Straight,,Good,Men of Color,Straight Men,Straight POC,Straight Men of Color,Side Character
Yasmin Monette,Women,POC,2019,Straight,,Good,Women of Color,Straight Women,Straight POC,Straight Women of Color,Side Character
Zach Cooper,Men,White,2019,Straight,,Good,White Men,Straight Men,Straight White People,Straight White Men,Side Character
Zoha Souliotis,Women,POC,2019,Straight,,Good,Women of Color,Straight Women,Straight POC,Straight Women of Color,Side Character
Victoria Snow,Women,White,2019,Straight,,Good,White Women,Straight Women,Straight White People,Straight White Women,Side Character
Tyler Corbyn,Men,POC,2019,Straight,,Good,Men of Color,Straight Men,Straight POC,Straight Men of Color,Side Character
Sue Lorman,Women,White,2019,Straight,,Good,White Women,Straight Women,Straight White People,Straight White Women,Side Character
Shanice,Women,POC,2019,Straight,,Evil,Women of Color,Straight Women,Straight POC,Straight Women of Color,Side Character
Sebastian Viveros,Men,POC,2019,Straight,,Good,Men of Color,Straight Men,Straight POC,Straight Men of Color,Side Character
Sean Winford,Men,POC,2019,Straight,,Good,Men of Color,Straight Men,Straight POC,Straight Men of Color,Side Character
Dimitri Smerdyakov,Men,POC,2019,Straight,,Good,Men of Color,Straight Men,Straight POC,Straight Men of Color,Side Character
Clark,Men,POC,2019,Straight,,Good,Men of Color,Straight Men,Straight POC,Straight Men of Color,Side Character
Bristow,Men,POC,2019,Straight,,Good,Men of Color,Straight Men,Straight POC,Straight Men of Color,Side Character
Brad Davis,Men,POC,2019,Straight,,Good,Men of Color,Straight Men,Straight POC,Straight Men of Color,Side Character
White Vision,Men,White,2021,Straight,,Good,White Men,Straight Men,Straight White People,Straight White Men,Side Character
Webb,Women,POC,2021,Straight,,Good,Women of Color,Straight Women,Straight POC,Straight Women of Color,Side Character
John Collins,Men,POC,2021,Straight,,Good,Men of Color,Straight Men,Straight POC,Straight Men of Color,Side Character
Tommy Maximoff,Men,White,2021,Straight,,Good,White Men,Straight Men,Straight White People,Straight White Men,Side Character
Todd Davis,Men,White,2021,Straight,,Good,White Men,Straight Men,Straight White People,Straight White Men,Side Character
Isabel Matsueda,Women,POC,2021,Straight,,Good,Women of Color,Straight Women,Straight POC,Straight Women of Color,Side Character
Iryna Maximoff,Women,White,2021,Straight,,Good,White Women,Straight Women,Straight White People,Straight White Women,Side Character
Highland,Women,POC,2021,Straight,,Good,Women of Color,Straight Women,Straight POC,Straight Women of Color,Side Character
Harold Proctor,Men,White,2021,Straight,,Good,White Men,Straight Men,Straight White People,Straight White Men,Side Character
Stan Nielson,Men,White,2021,Straight,,Good,White Men,Straight Men,Straight White People,Straight White Men,Side Character
Sharon Davis,Women,White,2021,Straight,,Good,White Women,Straight Women,Straight White People,Straight White Women,Side Character
Sarah Proctor,Women,White,2021,Straight,,Good,White Women,Straight Women,Straight White People,Straight White Women,Side Character
Franklin,Men,White,2021,Straight,,Good,White Men,Straight Men,Straight White People,Straight White Men,Side Character
Evanora Harkness,Women,White,2021,Straight,,Good,White Women,Straight Women,Straight White People,Straight White Women,Side Character
Rodriguez (Agent),Women,POC,2021,Straight,,Good,Women of Color,Straight Women,Straight POC,Straight Women of Color,Side Character
Oleg Maximoff,Men,White,2021,Straight,,Good,White Men,Straight Men,Straight White People,Straight White Men,Side Character
Billy Maximoff,Men,White,2021,Straight,,Good,White Men,Straight Men,Straight White People,Straight White Men,Side Character
Abilash Tandon,Men,POC,2021,Straight,,Good,Men of Color,Straight Men,Straight POC,Straight Men of Color,Side Character
Aly Goodner,Women,POC,2021,Straight,,Good,Women of Color,Straight Women,Straight POC,Straight Women of Color,Side Character
Mrs. Nielson,Women,POC,2021,Straight,,Good,Women of Color,Straight Women,Straight POC,Straight Women of Color,Side Character
Monti,Men,White,2021,Straight,,Good,White Men,Straight Men,Straight White People,Straight White Men,Side Character
Miller,Men,White,2021,Straight,,Good,White Men,Straight Men,Straight White People,Straight White Men,Side Character
Miguel,Men,POC,2021,Straight,,Good,Men of Color,Straight Men,Straight POC,Straight Men of Color,Side Character
Dovich,Men,POC,2021,Straight,,Evil,Men of Color,Straight Men,Straight POC,Straight Men of Color,Side Character
Gigi,Women,White,2021,Straight,,Evil,White Women,Straight Women,Straight White People,Straight White Women,Side Character
DeeDee,Women,POC,2021,Straight,,Evil,Women of Color,Straight Women,Straight POC,Straight Women of Color,Side Character
Christina Raynor,Women,White,2021,Straight,,Good,White Women,Straight Women,Straight White People,Straight White Women,Side Character
Cass Wilson,Men,POC,2021,Straight,,Good,Men of Color,Straight Men,Straight POC,Straight Men of Color,Side Character
AJ Wilson,Men,POC,2021,Straight,,Good,Men of Color,Straight Men,Straight POC,Straight Men of Color,Side Character
Tommy (Falcon),Men,POC,2021,Straight,,Good,Men of Color,Straight Men,Straight POC,Straight Men of Color,Side Character
Carlos,Men,POC,2021,Straight,,Good,Men of Color,Straight Men,Straight POC,Straight Men of Color,Side Character
Lennox,Men,White,2021,Straight,,Good,White Men,Straight Men,Straight White People,Straight White Men,Side Character
Diego,Men,POC,2021,Straight,,Evil,Men of Color,Straight Men,Straight POC,Straight Men of Color,Side Character
Eli Bradley,Men,POC,2021,Straight,,Good,Men of Color,Straight Men,Straight POC,Straight Men of Color,Side Character
Nico,Men,White,2021,Straight,,Evil,White Men,Straight Men,Straight White People,Straight White Men,Side Character
Olivia Walker,Women,POC,2021,Straight,,Good,Women of Color,Straight Women,Straight POC,Straight Women of Color,Side Character
Casey,Men,POC,2021,Straight,,Neutral,Men of Color,Straight Men,Straight POC,Straight Men of Color,Side Character
Hunter D-90,Men,White,2021,Straight,,Neutral,White Men,Straight Men,Straight White People,Straight White Men,Side Character
Hunter C-20,Women,White,2021,Straight,,Neutral,White Women,Straight Women,Straight White People,Straight White Women,Side Character
Classic Loki,Men,White,2021,Straight,,Neutral,White Men,Straight Men,Straight White People,Straight White Men,Side Character
Kid Loki,Men,White,2021,Straight,,Neutral,White Men,Straight Men,Straight White People,Straight White Men,Side Character
Boastful Loki,Men,POC,2021,Straight,,Evil,Men of Color,Straight Men,Straight POC,Straight Men of Color,Side Character
Patrice,Men,White,2021,Straight,,Good,White Men,Straight Men,Straight White People,Straight White Men,Side Character
Hunter U-92,Men,White,2021,Straight,,Neutral,White Men,Straight Men,Straight White People,Straight White Men,Side Character
PVT Hudson,Men,White,2021,Straight,,Evil,White Men,Straight Men,Straight White People,Straight White Men,Side Character
Corporal Hicks,Men,White,2021,Straight,,Evil,White Men,Straight Men,Straight White People,Straight White Men,Side Character
Lerato,Women,POC,2021,Straight,,Neutral,Women of Color,Straight Women,Straight POC,Straight Women of Color,Side Character
Oksana,Women,POC,2021,Straight,,Good,Women of Color,Straight Women,Straight POC,Straight Women of Color,Side Character
Ingrid,Women,POC,2021,Straight,,Neutral,Women of Color,Straight Women,Straight POC,Straight Women of Color,Side Character
Ursa Major,Men,White,2021,Straight,,Evil,White Men,Straight Men,Straight White People,Straight White Men,Side Character
Helen,Women,POC,2021,Straight,,Neutral,Women of Color,Straight Women,Straight POC,Straight Women of Color,Side Character
Yuchen,Women,POC,2021,Straight,,Good,Women of Color,Straight Women,Straight POC,Straight Women of Color,Side Character
John (Husband),Men,POC,2021,Straight,,Good,Men of Color,Straight Men,Straight POC,Straight Men of Color,Side Character
Soo,Women,POC,2021,Straight,,Good,Women of Color,Straight Women,Straight POC,Straight Women of Color,Side Character
Jie,Men,POC,2021,Straight,,Neutral,Men of Color,Straight Men,Straight POC,Straight Men of Color,Side Character
Hui,Men,POC,2021,Straight,,Evil,Men of Color,Straight Men,Straight POC,Straight Men of Color,Side Character
Waipo Chen,Women,POC,2021,Straight,,Good,Women of Color,Straight Women,Straight POC,Straight Women of Color,Side Character
Mrs. Chen,Women,POC,2021,Straight,,Good,Women of Color,Straight Women,Straight POC,Straight Women of Color,Side Character
Tak,Men,POC,2021,Straight,,Neutral,Men of Color,Straight Men,Straight POC,Straight Men of Color,Side Character
Guang Bo,Men,POC,2021,Straight,,Good,Men of Color,Straight Men,Straight POC,Straight Men of Color,Side Character
Gao Lei,Men,POC,2021,Straight,,Evil,Men of Color,Straight Men,Straight POC,Straight Men of Color,Side Character
Ruihua Chen,Men,POC,2021,Straight,,Good,Men of Color,Straight Men,Straight POC,Straight Men of Color,Side Character
Ted,Men,White,2021,Straight,,Good,White Men,Straight Men,Straight White People,Straight White Men,Side Character
Terry,Men,White,2021,Straight,,Good,White Men,Straight Men,Straight White People,Straight White Men,Side Character
Jano,Men,POC,2021,Straight,,Good,Men of Color,Straight Men,Straight POC,Straight Men of Color,Side Character
Jack Stoss,Men,POC,2021,Straight,,Good,Men of Color,Straight Men,Straight POC,Straight Men of Color,Side Character
Ben Stoss,Men,POC,2021,LGBTQ+,2021,Good,Men of Color,LGBTQ+ Men,LGBTQ+ POC,LGBTQ+ Men,Side Character
Patrick,Men,White,2021,Straight,,Good,White Men,Straight Men,Straight White People,Straight White Men,Side Character
Diego (Villager),Men,POC,2021,Straight,,Good,Men of Color,Straight Men,Straight POC,Straight Men of Color,Side Character
Ivan Banionis,Men,White,2021,Straight,,Evil,White Men,Straight Men,Straight White People,Straight White Men,Side Character
William Lopez,Men,POC,2021,Straight,,Evil,Men of Color,Straight Men,Straight POC,Straight Men of Color,Side Character
Wendy Conrad,Women,POC,2021,Straight,,Good,Women of Color,Straight Women,Straight POC,Straight Women of Color,Side Character
Tomas,Men,White,2021,Straight,,Evil,White Men,Straight Men,Straight White People,Straight White Men,Side Character
Stevie,Men,White,2021,Straight,,Good,White Men,Straight Men,Straight White People,Straight White Men,Side Character
Sonya,Women,POC,2021,Straight,,Neutral,Women of Color,Straight Women,Straight POC,Straight Women of Color,Side Character
Gills,Men,POC,2021,Straight,,Good,Men of Color,Straight Men,Straight POC,Straight Men of Color,Side Character
Greer,Women,POC,2021,Straight,,Good,Women of Color,Straight Women,Straight POC,Straight Women of Color,Side Character
Gary (Catering Captain),Men,White,2021,Straight,,Good,White Men,Straight Men,Straight White People,Straight White Men,Side Character
Rivera (NYPD),Men,POC,2021,Straight,,Good,Men of Color,Straight Men,Straight POC,Straight Men of Color,Side Character
Frannny,Women,POC,2021,Straight,,Good,Women of Color,Straight Women,Straight POC,Straight Women of Color,Side Character
Enrique,Men,POC,2021,Straight,,Evil,Men of Color,Straight Men,Straight POC,Straight Men of Color,Side Character
Edith Barton,Women,White,2021,Straight,,Neutral,White Women,Straight Women,Straight White People,Straight White Women,Side Character
Orville,Men,White,2021,Straight,,Good,White Men,Straight Men,Straight White People,Straight White Men,Side Character
Dmitri,Men,White,2021,Straight,,Evil,White Men,Straight Men,Straight White People,Straight White Men,Side Character
Dee,Women,POC,2021,Straight,,Good,Women of Color,Straight Women,Straight POC,Straight Women of Color,Side Character
Moira Brandon,Women,White,2021,Straight,,Good,White Women,Straight Women,Straight White People,Straight White Women,Side Character
Missy,Women,White,2021,Straight,,Good,White Women,Straight Women,Straight White People,Straight White Women,Side Character
Marc Shaiman,Men,White,2021,Straight,,Good,White Men,Straight Men,Straight White People,Straight White Men,Side Character
Caudle,Men,POC,2021,Straight,,Good,Men of Color,Straight Men,Straight POC,Straight Men of Color,Side Character
Ana,Women,White,2021,Straight,,Neutral,White Women,Straight Women,Straight White People,Straight White Women,Side Character
Armand Duquesne III,Men,White,2021,Straight,,Good,White Men,Straight Men,Straight White People,Straight White Men,Side Character
Armand Duquesne VII,Men,White,2021,Straight,,Neutral,White Men,Straight Men,Straight White People,Straight White Men,Side Character
Walter Burke,Men,White,2021,Straight,,Good,White Men,Straight Men,Straight White People,Straight White Men,Side Character
Sadie Deever,Women,White,2021,Straight,,Neutral,White Women,Straight Women,Straight White People,Straight White Women,Side Character
Ned Leeds' Lola,Women,POC,2021,Straight,,Good,Women of Color,Straight Women,Straight POC,Straight Women of Color,Side Character
Yatzil,Women,POC,2022,Straight,,Good,Women of Color,Straight Women,Straight POC,Straight Women of Color,Side Character
Horus' Avatar,Men,White,2022,Straight,,Good,White Men,Straight Men,Straight White People,Straight White Men,Side Character
Wendy Spector,Women,POC,2022,Straight,,Evil,Women of Color,Straight Women,Straight POC,Straight Women of Color,Side Character
Randall Spector,Men,POC,2022,Straight,,Good,Men of Color,Straight Men,Straight POC,Straight Men of Color,Side Character
Elias Spector,Men,POC,2022,Straight,,Good,Men of Color,Straight Men,Straight POC,Straight Men of Color,Side Character
Victor (Disciple),Men,POC,2022,Straight,,Evil,Men of Color,Straight Men,Straight POC,Straight Men of Color,Side Character
Tefnut's Avatar,Women,POC,2022,Straight,,Good,Women of Color,Straight Women,Straight POC,Straight Women of Color,Side Character
Taweret,Women,POC,2022,Straight,,Good,Women of Color,Straight Women,Straight POC,Straight Women of Color,Side Character
Selim,Men,White,2022,Straight,,Good,White Men,Straight Men,Straight White People,Straight White Men,Side Character
Dylan,Women,POC,2022,Straight,,Good,Women of Color,Straight Women,Straight POC,Straight Women of Color,Side Character
Dorfeld,Men,White,2022,Straight,,Good,White Men,Straight Men,Straight White People,Straight White Men,Side Character
Donna Kraft,Women,White,2022,Straight,,Good,White Women,Straight Women,Straight White People,Straight White Women,Side Character
Ronnie,Men,White,2022,Straight,,Evil,White Men,Straight Men,Straight White People,Straight White Men,Side Character
Chase,Men,POC,2022,Straight,,Evil,Men of Color,Straight Men,Straight POC,Straight Men of Color,Side Character
Bobbi Kennedy,Women,POC,2022,Straight,,Evil,Women of Color,Straight Women,Straight POC,Straight Women of Color,Side Character
Billy Fitzgerald,Men,White,2022,Straight,,Evil,White Men,Straight Men,Straight White People,Straight White Men,Side Character
Beta (Disciple),Men,POC,2022,Straight,,Evil,Men of Color,Straight Men,Straight POC,Straight Men of Color,Side Character
Bertrand Crawley,Men,White,2022,Straight,,Good,White Men,Straight Men,Straight White People,Straight White Men,Side Character
Bek,Men,POC,2022,Straight,,Evil,Men of Color,Straight Men,Straight POC,Straight Men of Color,Side Character
Lagaro,Women,White,2022,Straight,,Evil,White Women,Straight Women,Straight White People,Straight White Women,Side Character
Alpha (Disciple),Men,POC,2022,Straight,,Evil,Men of Color,Straight Men,Straight POC,Straight Men of Color,Side Character
Jamila,Women,POC,2022,Straight,,Evil,Women of Color,Straight Women,Straight POC,Straight Women of Color,Side Character
J.B.,Men,White,2022,Straight,,Good,White Men,Straight Men,Straight White People,Straight White Men,Side Character
Abdallah El-Faouly,Men,POC,2022,Straight,,Good,Men of Color,Straight Men,Straight POC,Straight Men of Color,Side Character
Isis' Avatar,Women,White,2022,Straight,,Good,White Women,Straight Women,Straight White People,Straight White Women,Side Character
Muneeba Khan,Women,POC,2022,Straight,,Good,Women of Color,Straight Women,Straight POC,Straight Women of Color,Side Character
Yusuf Khan,Men,POC,2022,Straight,,Good,Men of Color,Straight Men,Straight POC,Straight Men of Color,Side Character
Aamir Khan,Men,POC,2022,Straight,,Good,Men of Color,Straight Men,Straight POC,Straight Men of Color,Side Character
Zoe Zimmer,Women,White,2022,Straight,,Good,White Women,Straight Women,Straight White People,Straight White Women,Side Character
Sana Ali,Women,POC,2022,Straight,,Good,Women of Color,Straight Women,Straight POC,Straight Women of Color,Side Character
Hasan,Men,POC,2022,Straight,,Good,Men of Color,Straight Men,Straight POC,Straight Men of Color,Side Character
Aisha,Women,POC,2022,Straight,,Good,Women of Color,Straight Women,Straight POC,Straight Women of Color,Side Character
Fariha,Women,POC,2022,Straight,,Evil,Women of Color,Straight Women,Straight POC,Straight Women of Color,Side Character
Sheikh Abdullah,Women,POC,2022,Straight,,Good,Women of Color,Straight Women,Straight POC,Straight Women of Color,Side Character
Najaf,Men,POC,2022,Straight,,Good,Men of Color,Straight Men,Straight POC,Straight Men of Color,Side Character
Tyesha Hillman,Women,POC,2022,Straight,,Good,Women of Color,Straight Women,Straight POC,Straight Women of Color,Side Character
Waleed,Men,POC,2022,Straight,,Good,Men of Color,Straight Men,Straight POC,Straight Men of Color,Side Character
Gabe Wilson Jr.,Men,White,2022,Straight,,Good,White Men,Straight Men,Straight White People,Straight White Men,Side Character
Ruby,Women,POC,2022,Straight,,Good,Women of Color,Straight Women,Straight POC,Straight Women of Color,Side Character
Zara,Women,POC,2022,Straight,,Good,Women of Color,Straight Women,Straight POC,Straight Women of Color,Side Character
Miguel (Ms. Marvel),Men,POC,2022,Straight,,Good,Men of Color,Straight Men,Straight POC,Straight Men of Color,Side Character
Paul,Men,POC,2022,Straight,,Good,Men of Color,Straight Men,Straight POC,Straight Men of Color,Side Character
Weasel,Men,White,2022,Straight,,Good,White Men,Straight Men,Straight White People,Straight White Men,Side Character
Elena Chavez,Women,POC,2022,LGBTQ+,2022,Good,Women of Color,LGBTQ+ Women,LGBTQ+ POC,LGBTQ+ Women of Color,Side Character
Vinny,Men,POC,2022,Straight,,Good,Men of Color,Straight Men,Straight POC,Straight Men of Color,Side Character
Sara Wolfe,Women,POC,2022,Straight,,Good,Women of Color,Straight Women,Straight POC,Straight Women of Color,Side Character
Charlie (Husband),Men,POC,2022,Straight,,Good,Men of Color,Straight Men,Straight POC,Straight Men of Color,Side Character
Carla (Waitress),Women,POC,2022,Straight,,Good,Women of Color,Straight Women,Straight POC,Straight Women of Color,Side Character
Mr. Palmer,Men,White,2022,Straight,,Good,White Men,Straight Men,Straight White People,Straight White Men,Side Character
Amalia Chavez,Women,POC,2022,LGBTQ+,2022,Good,Women of Color,LGBTQ+ Women,LGBTQ+ POC,LGBTQ+ Women of Color,Side Character
Ariann,Women,POC,2022,Straight,,Good,Women of Color,Straight Women,Straight POC,Straight Women of Color,Side Character
Todd Phelps,Men,White,2022,Straight,,Evil,White Men,Straight Men,Straight White People,Straight White Men,Side Character
Luke Jacobson,Men,POC,2022,Straight,,Good,Men of Color,Straight Men,Straight POC,Straight Men of Color,Side Character
Holden Holliway,Men,White,2022,Straight,,Good,White Men,Straight Men,Straight White People,Straight White Men,Side Character
Morris Walters,Men,White,2022,Straight,,Good,White Men,Straight Men,Straight White People,Straight White Men,Side Character
Elaine Walters,Women,White,2022,Straight,,Good,White Women,Straight Women,Straight White People,Straight White Women,Side Character
Megan Thee Stallion,Women,POC,2022,Straight,,Good,Women of Color,Straight Women,Straight POC,Straight Women of Color,Side Character
Donny Blaze,Men,POC,2022,Straight,,Neutral,Men of Color,Straight Men,Straight POC,Straight Men of Color,Side Character
Lulu,Women,POC,2022,Straight,,Good,Women of Color,Straight Women,Straight POC,Straight Women of Color,Side Character
Dennis Bukowski,Men,White,2022,Straight,,Neutral,White Men,Straight Men,Straight White People,Straight White Men,Side Character
Pedro,Men,POC,2022,Straight,,Good,Men of Color,Straight Men,Straight POC,Straight Men of Color,Side Character
Ched,Men,White,2022,Straight,,Good,White Men,Straight Men,Straight White People,Straight White Men,Side Character
Dirk Garthwaite,Men,POC,2022,Straight,,Neutral,Men of Color,Straight Men,Straight POC,Straight Men of Color,Side Character
Josh Miller,Men,POC,2022,Straight,,Evil,Men of Color,Straight Men,Straight POC,Straight Men of Color,Side Character